{
    "metadata": {
        "name": "Custom Difficulty",
        "version": "1.5.0",
        "description": "Difficulty options for DELTARUNE. Make the game Easy, Hard, or Nightmare. No-hit options included.",
        "author": ["Emmahaha"],
        "demoMod": false,
        "packageID": "com.emmahaha.customdiff",
        "url": "https://gamebanana.com/mods/613308",
        "tags": ["customization", "gameplay"]
    },
    "deltaruneTargetVersion": "1.04",
    "neededFiles": [
        {
            "file": "chapter1_windows/data.win",
            "checksum": "fd410845c40cd084eb33a3410bfdb790cc0ad9f938fe088420ca57774c0dfcb7"
        },

        {
            "file": "chapter2_windows/data.win",
            "checksum": "3fdd81e30723e5dfde2309c349600ce92a2305a706d33ae9edeacbcb20c6ce3c"
        },

        {
            "file": "chapter3_windows/data.win",
            "checksum": "83b49c0a2939a6cabefd024f5c2c7d8c08df242d3bf7a725a4f2bbe97a5f081d"
        },

        {
            "file": "chapter4_windows/data.win",
            "checksum": "07e2df1088e56532b992fc9c59f88a4d66420ada4da9ff49ba6823a7f2cc3d47"
        }
    ]
}
